id,r1516,nome,squadra1516,pg1516,mv1516,mf1516,gf1516,gs1516,rp1516,rc1516,rplus1516,rminus1516,ass1516,asf1516,amm1516,esp1516,au1516,r1617,squadra1617,pg1617,mv1617,mf1617,gf1617,gs1617,rp1617,rc1617,rplus1617,rminus1617,ass1617,asf1617,amm1617,esp1617,au1617,r1718,squadra1718,pg1718,mv1718,mf1718,gf1718,gs1718,rp1718,rc1718,rplus1718,rminus1718,ass1718,asf1718,amm1718,esp1718,au1718,r1819,squadra1819,pg1819,mv1819,mf1819,gf1819,gs1819,rp1819,rc1819,rplus1819,rminus1819,ass1819,asf1819,amm1819,esp1819,au1819
20,C,CIGARINI,Atalanta,24,6.12,6.25,1,0,0,1,1,0,1,1,10,0,0,C,Sampdoria,4,5.5,5.12,0,0,0,0,0,0,0,0,3,0,0,C,Cagliari,26,5.85,5.81,2,0,0,1,0,1,0,3,12,1,0,C,Cagliari,23,5.87,5.72,0,0,0,0,0,0,1,0,9,0,0
11,D,CONTI,Atalanta,13,5.85,6.27,2,0,0,0,0,0,1,0,1,1,0,D,Atalanta,33,6.26,6.92,8,0,0,0,0,0,4,0,12,0,0,D,Milan,2,6.25,6.25,0,0,0,0,0,0,0,0,0,0,0,D,Milan,9,5.78,5.83,0,0,0,0,0,0,2,0,3,0,0
21,C,D'ALESSANDRO,Atalanta,19,6.24,6.74,3,0,0,0,0,0,2,0,3,0,0,C,Atalanta,16,6.12,6.31,1,0,0,0,0,0,1,0,2,0,0,C,Benevento,15,6.2,6.43,1,0,0,0,0,0,1,0,1,0,0,C,Udinese,20,5.95,5.92,0,0,0,0,0,0,1,0,3,0,0
787,D,DJIMSITI,Atalanta,3,5.33,5.17,0,0,0,0,0,0,0,0,1,0,0,D,Atalanta,0,0,0,0,0,0,0,0,0,0,0,0,0,0,D,Benevento,30,5.53,5.53,0,0,0,0,0,0,1,0,2,0,0,D,Atalanta,22,5.84,5.86,1,0,0,0,0,0,1,0,3,0,1
788,C,FREULER,Atalanta,6,5.83,6.33,1,0,0,0,0,0,0,0,0,0,0,C,Atalanta,32,6.08,6.59,5,0,0,0,0,0,3,1,5,0,0,C,Atalanta,35,6.17,6.57,5,0,0,0,0,0,2,0,4,1,0,C,Atalanta,35,6.16,6.33,2,0,0,0,0,0,2,0,4,0,0
801,C,GAGLIARDINI,Atalanta,1,6,6,0,0,0,0,0,0,0,0,0,0,0,C,Inter,28,6.09,6.3,2,0,0,0,0,0,3,0,7,0,0,C,Inter,28,5.75,5.61,0,0,0,0,0,0,0,0,8,0,0,C,Inter,15,6.1,6.97,5,0,0,0,0,0,0,0,4,0,0
26,C,GOMEZ A,Atalanta,34,6.4,7.16,7,0,0,0,0,0,6,2,4,1,0,C,Atalanta,37,6.74,8.23,14,0,0,2,2,0,8,2,6,0,0,A,Atalanta,33,6.32,7.02,4,0,0,3,2,1,7,2,2,0,0,A,Atalanta,35,6.21,7.03,7,0,0,0,0,0,9,1,5,0,0
28,C,KURTIC,Atalanta,31,5.87,5.95,2,0,0,0,0,0,0,0,5,1,0,C,Atalanta,37,5.99,6.43,6,0,0,0,0,0,2,0,7,0,0,C,SPAL,29,5.72,5.91,3,0,0,0,0,0,0,0,7,0,0,C,SPAL,30,6.13,6.75,6,0,0,0,0,0,3,2,9,0,0
15,D,MASIELLO A,Atalanta,28,5.89,5.8,0,0,0,0,0,0,1,0,7,0,0,D,Atalanta,35,6.34,6.47,3,0,0,0,0,0,0,0,9,0,0,D,Atalanta,31,6.26,6.56,4,0,0,0,0,0,0,0,5,0,0,D,Atalanta,23,5.83,5.67,0,0,0,0,0,0,1,0,5,0,1
4,P,SPORTIELLO,Atalanta,36,6.19,5.22,0,43,3,0,0,0,0,0,2,0,0,P,Fiorentina,10,5.65,3.8,0,18,0,0,0,0,0,0,1,0,0,P,Fiorentina,37,6.08,5.11,0,38,1,0,0,0,0,0,0,1,0,P,Frosinone,35,6.11,4.21,0,64,0,0,0,0,0,0,5,0,0
695,D,TOLOI,Atalanta,24,5.83,5.71,1,0,0,0,0,0,0,0,6,1,1,D,Atalanta,31,5.97,5.85,0,0,0,0,0,0,0,0,7,0,0,D,Atalanta,30,6.15,6.22,1,0,0,0,0,0,3,0,6,1,0,D,Atalanta,21,6.07,6.19,1,0,0,0,0,0,3,0,1,1,1
57,C,CRISETIG,Bologna,5,5.4,5.3,0,0,0,0,0,0,0,0,1,0,0,C,Crotone,30,5.72,5.53,0,0,0,0,0,0,0,1,11,1,0,C,Bologna,8,5.75,5.5,0,0,0,0,0,0,0,0,4,0,0,C,Frosinone,7,5.5,5.29,0,0,0,0,0,0,0,0,3,0,0
40,P,DA COSTA,Bologna,5,5.9,5,0,4,0,0,0,0,0,0,1,0,0,P,Bologna,18,6.17,4.69,0,26,0,0,0,0,0,0,1,0,0,P,Bologna,4,6.38,5.12,0,5,0,0,0,0,0,0,0,0,0,P,Bologna,0,0,0,0,0,0,0,0,0,0,0,0,0,0
472,A,DESTRO,Bologna,26,6.02,6.65,6,0,0,3,2,1,0,0,9,0,0,A,Bologna,30,5.75,6.68,11,0,0,1,0,1,0,0,4,0,0,A,Bologna,25,5.8,6.54,6,0,0,0,0,0,2,0,3,0,0,A,Bologna,9,6.28,7.56,4,0,0,0,0,0,1,0,3,0,0
58,C,DIAWARA,Bologna,33,6.02,5.85,0,0,0,0,0,0,1,0,9,2,0,C,Napoli,17,6.15,6.12,0,0,0,0,0,0,0,0,1,0,0,C,Napoli,14,6.11,6.39,1,0,0,0,0,0,1,0,1,0,0,C,Napoli,11,5.82,5.64,0,0,0,0,0,0,0,0,4,0,0
669,C,DONSAH,Bologna,19,6.08,6.45,2,0,0,0,0,0,2,0,2,0,0,C,Bologna,13,5.96,6.04,0,0,0,0,0,0,2,0,2,0,0,C,Bologna,25,6.04,6.26,2,0,0,0,0,0,1,0,3,0,0,C,Bologna,4,5.75,5.75,0,0,0,0,0,0,0,0,0,0,0
45,D,FERRARI A,Bologna,18,5.67,5.5,0,0,0,0,0,0,0,0,6,0,0,D,Bologna,1,5,5,0,0,0,0,0,0,0,0,0,0,0,D,Verona,25,5.46,5.48,1,0,0,0,0,0,0,0,5,0,0,D,Sampdoria,6,5.67,5.5,0,0,0,0,0,0,0,0,2,0,0
533,A,FLOCCARI,Bologna,24,6,6.73,6,0,0,0,0,0,0,0,1,0,0,A,Bologna,4,5.62,5.62,0,0,0,0,0,0,0,0,0,0,0,A,SPAL,16,5.94,6.5,3,0,0,0,0,0,0,0,0,0,0,A,SPAL,15,6.07,6.67,3,0,0,0,0,0,1,0,3,0,0
702,C,GIACCHERINI,Bologna,28,6.32,6.95,7,0,0,0,0,0,0,0,7,0,0,C,Napoli,8,6.06,6.44,1,0,0,0,0,0,0,0,0,0,0,C,Chievo,16,6.06,6.5,3,0,0,0,0,0,1,0,6,0,0,C,Chievo,26,5.83,5.87,2,0,0,2,1,1,1,0,8,0,1
663,D,KRAFTH,Bologna,2,6,6,0,0,0,0,0,0,0,0,0,0,0,D,Bologna,25,5.62,5.52,0,0,0,0,0,0,0,0,1,2,0,D,Bologna,12,5.46,5.38,0,0,0,0,0,0,0,0,2,0,0,D,Bologna,0,0,0,0,0,0,0,0,0,0,0,0,0,0
48,D,MAIETTA,Bologna,19,6.05,5.95,0,0,0,0,0,0,0,0,4,0,0,D,Bologna,29,5.81,5.71,0,0,0,0,0,0,1,0,8,0,0,D,Bologna,7,6.29,6.21,0,0,0,0,0,0,0,0,1,0,0,D,Empoli,21,5.62,5.5,0,0,0,0,0,0,0,0,5,0,0
50,D,MBAYE,Bologna,15,5.53,5.37,0,0,0,0,0,0,0,0,3,1,0,D,Bologna,14,5.68,5.32,0,0,0,0,0,0,1,0,4,0,2,D,Bologna,24,5.79,5.73,1,0,0,0,0,0,0,0,3,1,1,D,Bologna,23,5.8,5.96,2,0,0,0,0,0,0,0,5,0,0
41,P,MIRANTE,Bologna,33,6.36,5.18,0,41,1,0,0,0,0,0,2,0,0,P,Bologna,21,6.17,4.79,0,32,1,0,0,0,0,0,0,0,0,P,Bologna,33,6.2,4.67,0,46,0,0,0,0,0,0,5,0,1,P,Roma,11,6.55,6.27,0,6,1,0,0,0,0,0,0,0,0
644,C,PULGAR,Bologna,12,5.67,5.58,0,0,0,0,0,0,0,0,2,0,0,C,Bologna,24,5.56,5.5,1,0,0,0,0,0,0,0,5,2,0,C,Bologna,32,5.88,5.95,3,0,0,1,0,1,1,0,9,0,0,C,Bologna,28,5.96,6.46,1,0,0,5,5,0,0,2,6,1,1
60,C,RIZZO,Bologna,22,5.91,5.91,0,0,0,0,0,0,2,0,2,1,0,C,Bologna,10,5.7,5.7,0,0,0,0,0,0,0,0,0,0,0,C,Atalanta,10,6.1,6.7,2,0,0,0,0,0,0,0,0,0,0,C,Bologna,0,0,0,0,0,0,0,0,0,0,0,0,0,0
54,D,ROSSETTINI,Bologna,29,5.74,6,3,0,0,0,0,0,1,0,5,0,0,D,Torino,30,5.82,5.78,1,0,0,0,0,0,0,0,8,0,0,D,Genoa,23,5.87,5.72,0,0,0,0,0,0,0,0,7,0,0,D,Chievo,21,5.55,5.43,0,0,0,0,0,0,0,0,5,0,0
376,C,VERDI,Carpi,6,6.33,7.75,1,0,0,2,2,0,0,0,1,0,0,C,Bologna,27,6.24,6.94,6,0,0,0,0,0,3,0,4,0,0,C,Bologna,33,6.3,7.45,8,0,0,2,2,0,5,4,2,0,0,C,Napoli,18,5.86,6.53,2,0,0,1,1,0,3,0,0,0,0
252,D,BIRAGHI,Chievo,0,0,0,0,0,0,0,0,0,0,0,0,0,0,D,Pescara,35,5.56,5.51,0,0,0,2,1,1,4,0,11,0,0,D,Fiorentina,34,5.72,5.82,1,0,0,0,0,0,3,1,7,0,0,D,Fiorentina,36,5.89,6,1,0,0,0,0,0,5,0,8,0,0
111,C,BIRSA,Chievo,35,6.14,6.71,4,0,0,3,2,1,3,4,4,0,0,C,Chievo,35,6.07,6.77,7,0,0,1,0,1,4,5,5,0,0,C,Chievo,34,5.99,6.41,3,0,0,0,0,0,2,5,3,0,0,C,Cagliari,26,5.88,6.17,1,0,0,1,1,0,1,1,1,0,0
99,D,CACCIATORE,Chievo,28,5.89,6,1,0,0,0,0,0,3,0,6,0,0,D,Chievo,29,5.84,5.83,1,0,0,0,0,0,1,0,7,1,0,D,Chievo,33,5.76,5.92,2,0,0,0,0,0,3,0,5,1,0,D,Cagliari,14,5.86,5.89,0,0,0,0,0,0,2,0,3,0,0
112,C,CASTRO,Chievo,33,6.08,6.21,3,0,0,0,0,0,0,0,9,0,0,C,Chievo,33,6.14,6.61,5,0,0,0,0,0,4,0,5,1,0,C,Chievo,25,6.04,6.46,3,0,0,0,0,0,3,0,3,0,0,C,Cagliari,12,6.12,6.58,1,0,0,0,0,0,3,0,1,0,0
100,D,CESAR,Chievo,31,5.97,5.89,1,0,0,0,0,0,0,0,9,1,0,D,Chievo,16,5.44,5.34,1,0,0,0,0,0,0,0,8,1,0,D,Chievo,9,5.5,5,0,0,0,0,0,0,0,0,1,0,2,D,Chievo,13,5.42,5.54,1,0,0,0,0,0,0,0,3,0,0
817,D,COSTA F,Chievo,3,6,6,0,0,0,0,0,0,0,0,0,0,0,D,Chievo,1,5,5,0,0,0,0,0,0,0,0,0,0,0,D,SPAL,22,5.89,5.84,0,0,0,0,0,0,1,0,4,0,0,D,SPAL,8,5.88,5.88,0,0,0,0,0,0,0,0,0,0,0
103,D,FREY,Chievo,18,5.53,5.33,0,0,0,0,0,0,0,0,3,0,1,D,Chievo,15,5.67,5.6,0,0,0,0,0,0,0,0,2,0,0,D,Chievo,0,0,0,0,0,0,0,0,0,0,0,0,0,0,D,Chievo,3,5.67,5.67,0,0,0,0,0,0,0,0,0,0,0
105,D,GOBBI,Chievo,34,5.96,5.88,0,0,0,0,0,0,1,0,7,0,0,D,Chievo,30,5.72,5.8,1,0,0,0,0,0,2,0,5,0,0,D,Chievo,24,5.67,5.69,0,0,0,0,0,0,1,1,3,0,0,D,Parma,15,5.43,5.4,0,0,0,0,0,0,1,0,3,0,0
115,C,HETEMAJ,Chievo,27,6.11,6.09,1,0,0,0,0,0,0,0,7,0,0,C,Chievo,23,5.72,5.59,0,0,0,0,0,0,0,0,6,0,0,C,Chievo,32,5.97,6.11,3,0,0,0,0,0,2,0,9,0,1,C,Chievo,28,5.7,5.75,2,0,0,0,0,0,0,0,9,0,0
123,A,INGLESE,Chievo,23,5.87,6.24,3,0,0,0,0,0,1,0,3,0,0,A,Chievo,31,5.95,6.95,10,0,0,1,0,1,4,0,0,0,0,A,Chievo,33,5.91,6.89,11,0,0,2,1,1,1,0,3,0,0,A,Parma,25,6.14,7.24,7,0,0,2,2,0,2,0,3,0,0
106,D,MATTIELLO,Chievo,1,5.5,6.5,0,0,0,0,0,0,1,0,0,0,0,D,Juventus,0,0,0,0,0,0,0,0,0,0,0,0,0,0,D,SPAL,26,5.73,5.58,0,0,0,0,0,0,0,0,6,1,0,D,Bologna,16,5.72,5.84,1,0,0,0,0,0,1,0,2,1,0
124,A,MEGGIORINI,Chievo,26,6.27,6.85,5,0,0,0,0,0,5,0,8,1,0,A,Chievo,27,5.87,6.09,3,0,0,0,0,0,0,0,6,0,0,A,Chievo,14,5.5,5.43,0,0,0,0,0,0,0,0,2,0,0,A,Chievo,24,5.54,5.79,2,0,0,1,1,0,0,0,6,0,0
126,A,PALOSCHI,Chievo,21,6.1,6.98,7,0,0,3,1,2,1,0,1,0,0,A,Atalanta,8,5.44,5.06,0,0,0,1,0,1,0,0,0,0,0,A,SPAL,33,5.68,6.32,7,0,0,0,0,0,1,0,2,0,0,A,SPAL,17,5.74,6,2,0,0,0,0,0,0,0,3,0,0
127,A,PELLISSIER,Chievo,18,5.94,6.72,3,0,0,2,2,0,0,0,2,0,0,A,Chievo,28,5.96,6.98,6,0,0,3,3,0,2,0,1,0,0,A,Chievo,15,5.8,6.03,1,0,0,0,0,0,1,0,1,0,0,A,Chievo,14,6.18,6.86,3,0,0,2,1,1,1,0,1,0,0
118,C,RADOVANOVIC,Chievo,25,5.86,5.72,0,0,0,0,0,0,0,0,8,0,0,C,Chievo,33,5.74,5.59,0,0,0,0,0,0,0,0,10,0,0,C,Chievo,35,5.83,5.83,1,0,0,0,0,0,1,0,6,1,0,C,Genoa,35,5.66,5.53,0,0,0,0,0,0,0,0,9,0,0
119,C,RIGONI N,Chievo,24,6.02,6.25,3,0,0,0,0,0,0,0,7,0,0,C,Chievo,9,5.94,6.17,1,0,0,0,0,0,0,0,2,0,0,C,Chievo,14,5.46,5.39,0,0,0,0,0,0,0,0,3,0,0,C,Chievo,24,5.54,5.38,0,0,0,0,0,0,1,0,8,1,0
97,P,SECULIN,Chievo,3,6.67,6,0,2,0,0,0,0,0,0,0,0,0,P,Chievo,4,5.75,3.5,0,9,0,0,0,0,0,0,0,0,0,P,Chievo,0,0,0,0,0,0,0,0,0,0,0,0,0,0,P,Chievo,2,5.75,2.25,0,7,0,0,0,0,0,0,0,0,0
78,D,SPOLLI,Chievo,14,5.79,5.54,0,0,0,0,0,0,0,0,5,1,0,D,Chievo,20,5.82,5.62,0,0,0,0,0,0,0,0,8,0,0,D,Genoa,21,6.17,6,0,0,0,0,0,0,0,0,7,0,0,D,Genoa,7,5.43,5,0,0,0,0,0,0,0,0,2,0,1
141,D,LAURINI,Empoli,24,5.92,5.94,1,0,0,0,0,0,0,0,5,0,0,D,Empoli,24,5.52,5.44,0,0,0,0,0,0,0,0,2,1,0,D,Fiorentina,21,5.81,5.74,0,0,0,0,0,0,1,0,5,0,0,D,Fiorentina,13,5.81,5.65,0,0,0,0,0,0,0,0,4,0,0
142,D,MARIO RUI,Empoli,36,5.96,5.88,0,0,0,0,0,0,0,1,6,1,0,D,Roma,4,5.62,5.5,0,0,0,0,0,0,0,0,1,0,0,D,Napoli,24,6.02,6.23,2,0,0,0,0,0,2,2,8,1,0,D,Napoli,19,5.82,5.87,1,0,0,0,0,0,1,0,4,1,0
156,A,PUCCIARELLI,Empoli,38,5.92,6.42,6,0,0,0,0,0,2,0,2,0,0,A,Empoli,32,5.55,5.73,2,0,0,2,1,1,1,0,2,0,0,A,Chievo,19,5.55,5.82,2,0,0,0,0,0,0,0,3,0,0,A,Chievo,8,5.38,5.31,0,0,0,0,0,0,0,0,1,0,0
150,C,SAPONARA,Empoli,33,6.23,6.74,5,0,0,1,0,1,9,0,6,1,0,C,Fiorentina,27,5.81,6.28,4,0,0,0,0,0,3,0,5,0,0,C,Fiorentina,16,6.03,6.19,0,0,0,0,0,0,3,1,3,0,0,C,Sampdoria,21,6.12,6.52,2,0,0,0,0,0,4,0,3,0,0
133,P,SKORUPSKI,Empoli,31,6.21,4.79,0,43,0,0,0,0,0,0,2,0,0,P,Empoli,35,6.34,5,0,56,4,0,0,0,0,0,2,0,1,P,Roma,1,6.5,6.5,0,0,0,0,0,0,0,0,0,0,0,P,Bologna,38,6.11,4.62,0,56,0,0,0,0,0,0,1,0,0
144,D,TONELLI,Empoli,26,5.85,5.88,2,0,0,0,0,0,0,0,8,1,0,D,Napoli,3,6.5,8.17,2,0,0,0,0,0,0,0,2,0,0,D,Napoli,4,5.38,6.12,1,0,0,0,0,0,0,0,0,0,0,D,Sampdoria,19,5.84,5.74,1,0,0,0,0,0,0,0,6,0,1
152,C,ZIELINSKI,Empoli,35,6.24,6.69,5,0,0,0,0,0,3,1,5,1,0,C,Napoli,34,6.34,6.9,5,0,0,0,0,0,6,0,4,0,0,C,Napoli,36,6.12,6.44,4,0,0,0,0,0,1,0,3,0,0,C,Napoli,36,6.15,6.62,6,0,0,0,0,0,2,0,6,0,0
183,A,BABACAR,Fiorentina,14,6.07,7.18,4,0,0,1,1,0,1,0,2,0,0,A,Fiorentina,20,6.02,7.58,9,0,0,1,1,0,1,0,0,0,0,A,Sassuolo,28,5.91,6.61,3,0,0,3,3,0,2,0,1,0,0,A,Sassuolo,26,5.87,6.75,5,0,0,2,2,0,2,0,0,0,0
170,C,BADELJ,Fiorentina,27,6,5.98,1,0,0,0,0,0,1,0,7,1,0,C,Fiorentina,32,5.97,6.08,2,0,0,0,0,0,2,0,9,0,0,C,Fiorentina,27,5.96,6,2,0,0,0,0,0,0,0,8,1,0,C,Lazio,22,5.82,5.73,1,0,0,0,0,0,0,0,6,0,1
184,A,BERNARDESCHI,Fiorentina,33,6.12,6.3,2,0,0,0,0,0,3,0,6,0,0,C,Fiorentina,32,6.05,6.94,8,0,0,4,3,1,2,0,5,1,0,C,Juventus,16,6.34,7.34,4,0,0,0,0,0,5,0,4,0,0,C,Juventus,25,6.04,6.26,2,0,0,0,0,0,1,2,5,1,0
172,C,BORJA VALERO,Fiorentina,37,6.42,6.84,4,0,0,0,0,0,5,1,5,0,0,C,Fiorentina,32,6.06,6.3,1,0,0,0,0,0,4,3,5,0,0,C,Inter,33,5.92,6.06,2,0,0,0,0,0,0,0,3,0,0,C,Inter,23,5.91,5.85,0,0,0,0,0,0,0,0,4,0,0
173,C,CAPEZZI,Fiorentina,0,0,0,0,0,0,0,0,0,0,0,0,0,0,C,Crotone,21,5.79,5.62,0,0,0,0,0,0,0,0,5,1,0,C,Sampdoria,3,6,6.33,0,0,0,0,0,0,1,0,0,0,0,C,Empoli,10,5.65,5.3,0,0,0,0,0,0,0,0,3,0,1
177,C,ILICIC,Fiorentina,27,6.3,7.85,6,0,0,7,7,0,4,0,2,0,0,C,Fiorentina,29,6.03,6.38,4,0,0,3,1,2,0,2,2,0,0,C,Atalanta,31,6.47,7.74,9,0,0,2,2,0,8,0,3,0,0,C,Atalanta,31,6.39,7.55,12,0,0,1,0,1,4,2,4,1,0
652,A,KALINIC,Fiorentina,35,6.07,7,12,0,0,1,0,1,2,0,5,0,0,A,Fiorentina,32,6.08,7.31,14,0,0,2,1,1,1,0,5,1,0,A,Milan,30,5.7,6.35,6,0,0,0,0,0,3,0,3,0,0,A,Milan,0,0,0,0,0,0,0,0,0,0,0,0,0,0
159,P,SEPE,Fiorentina,0,0,0,0,0,0,0,0,0,0,0,0,0,0,P,Napoli,0,0,0,0,0,0,0,0,0,0,0,0,0,0,P,Napoli,1,6,6,0,0,0,0,0,0,0,0,0,0,0,P,Parma,37,6.09,4.43,0,59,0,0,0,0,0,0,1,0,1
169,D,TOMOVIC,Fiorentina,20,5.68,5.55,0,0,0,0,0,0,0,0,5,0,0,D,Fiorentina,25,5.54,5.34,0,0,0,0,0,0,1,0,12,0,0,D,Chievo,29,5.72,5.57,0,0,0,0,0,0,0,0,5,0,1,D,Chievo,10,5.6,5.85,1,0,0,0,0,0,0,0,1,0,0
181,C,VECINO,Fiorentina,29,5.98,6.09,2,0,0,0,0,0,1,0,8,0,0,C,Fiorentina,29,6.02,6.34,3,0,0,0,0,0,4,0,7,0,0,C,Inter,28,5.93,6.16,3,0,0,0,0,0,2,0,7,1,0,C,Inter,27,5.85,6.07,3,0,0,0,0,0,1,0,8,0,0
706,D,ANSALDI,Genoa,24,6.02,6.1,0,0,0,0,0,0,4,0,4,0,0,D,Inter,21,5.71,5.52,0,0,0,0,0,0,1,0,8,1,0,D,Torino,25,6.14,6.24,1,0,0,0,0,0,3,0,5,1,0,D,Torino,24,6.38,6.77,3,0,0,0,0,0,2,0,3,0,0
224,D,DE MAIO,Genoa,27,5.76,5.67,1,0,0,0,0,0,0,0,5,1,1,D,Fiorentina,6,5.33,5.25,0,0,0,0,0,0,0,0,1,0,0,D,Bologna,25,5.8,5.82,2,0,0,0,0,0,0,0,7,0,1,D,Udinese,22,5.86,5.89,1,0,0,0,0,0,0,0,3,1,0
713,C,DZEMAILI,Genoa,26,5.94,6.17,3,0,0,0,0,0,1,0,6,1,0,C,Bologna,31,6.05,6.69,8,0,0,0,0,0,2,0,10,1,0,C,Bologna,15,5.9,5.97,1,0,0,0,0,0,0,0,4,0,0,C,Bologna,27,5.8,5.87,1,0,0,0,0,0,1,0,4,0,0
226,D,IZZO,Genoa,32,5.95,5.8,0,0,0,0,0,0,0,0,6,2,0,D,Genoa,29,5.88,5.72,0,0,0,0,0,0,2,0,5,0,2,D,Genoa,16,5.94,6.06,1,0,0,0,0,0,0,0,2,0,0,D,Torino,37,6.23,6.5,4,0,0,0,0,0,1,0,6,0,0
235,C,LAXALT,Genoa,35,6.04,6.34,3,0,0,0,0,0,2,1,3,0,0,C,Genoa,36,5.99,6.08,1,0,0,0,0,0,3,0,5,0,0,C,Genoa,32,5.98,6.3,3,0,0,0,0,0,2,0,2,0,0,C,Milan,13,5.77,5.69,0,0,0,0,0,0,0,0,2,0,0
236,C,LAZOVIC,Genoa,14,5.79,5.93,0,0,0,0,0,0,2,0,0,0,0,C,Genoa,33,6.05,6.27,2,0,0,0,0,0,4,0,3,1,0,C,Genoa,19,5.97,5.97,0,0,0,0,0,0,1,0,2,0,0,C,Genoa,33,5.95,6.32,3,0,0,0,0,0,3,1,2,0,0
245,A,PANDEV,Genoa,14,5.57,5.5,0,0,0,0,0,0,0,0,0,1,0,A,Genoa,16,5.84,6.31,3,0,0,0,0,0,0,0,1,1,0,A,Genoa,31,6,6.42,5,0,0,0,0,0,1,0,4,1,0,A,Genoa,21,6.05,6.6,4,0,0,0,0,0,2,0,6,0,0
247,A,PAVOLETTI,Genoa,25,6.16,7.82,14,0,0,0,0,0,2,0,3,1,0,A,Napoli,13,5.77,6.38,3,0,0,0,0,0,0,0,2,0,0,A,Cagliari,33,5.91,6.79,11,0,0,0,0,0,0,0,8,0,0,A,Cagliari,32,6.09,7.53,16,0,0,0,0,0,1,0,6,0,0
218,P,PERIN,Genoa,25,6.36,5.24,0,30,1,0,0,0,0,0,2,0,0,P,Genoa,16,6.16,5.06,0,19,1,0,0,0,0,0,1,1,0,P,Genoa,37,6.27,5.12,0,42,0,0,0,0,0,0,1,0,0,P,Juventus,9,5.89,4.94,0,8,0,0,0,0,0,0,1,0,0
438,C,RIGONI L,Genoa,27,5.98,6.31,4,0,0,0,0,0,0,0,4,1,0,C,Genoa,31,5.85,5.97,3,0,0,0,0,0,1,0,13,0,0,C,Genoa,22,5.89,6.14,2,0,0,0,0,0,2,0,5,0,0,C,Parma,22,5.66,5.82,2,0,0,0,0,0,0,0,5,0,0
238,C,RINCON,Genoa,33,6.24,6.5,3,0,0,0,0,0,4,0,9,0,0,C,Juventus,22,5.91,5.91,0,0,0,0,0,0,2,0,4,0,0,C,Torino,36,5.9,5.82,1,0,0,0,0,0,0,0,12,0,0,C,Torino,33,6.12,6.17,3,0,0,0,0,0,0,0,15,0,0
375,C,SUSO,Genoa,20,6.22,7.08,6,0,0,0,0,0,0,1,4,0,0,C,Milan,34,6.32,6.96,7,0,0,1,0,1,6,0,5,0,0,C,Milan,35,6.19,6.84,6,0,0,0,0,0,7,0,2,1,0,A,Milan,35,6.16,6.87,7,0,0,0,0,0,9,0,8,1,0
251,D,ANDREOLLI,Inter,0,0,0,0,0,0,0,0,0,0,0,0,0,0,D,Inter,4,6.12,6.88,1,0,0,0,0,0,0,0,0,0,0,D,Cagliari,22,5.68,5.57,0,0,0,0,0,0,0,0,5,0,0,D,Chievo,10,5.4,5.25,0,0,0,0,0,0,0,0,3,0,0
248,P,BERNI,Inter,0,0,0,0,0,0,0,0,0,0,0,0,0,0,P,Inter,0,0,0,0,0,0,0,0,0,0,0,0,0,0,P,Inter,0,0,0,0,0,0,0,0,0,0,0,0,0,0,P,Inter,0,0,0,0,0,0,0,0,0,0,0,0,0,0
264,C,BESSA,Inter,0,0,0,0,0,0,0,0,0,0,0,0,0,0,C,Inter,0,0,0,0,0,0,0,0,0,0,0,0,0,0,C,Genoa,25,5.82,6.16,3,0,0,0,0,0,2,0,5,0,0,C,Genoa,32,5.84,5.88,1,0,0,0,0,0,1,1,8,0,0
276,A,BIABIANY,Inter,17,6.09,6.29,1,0,0,0,0,0,2,0,3,0,0,C,Inter,0,0,0,0,0,0,0,0,0,0,0,0,0,0,C,Inter,0,0,0,0,0,0,0,0,0,0,0,0,0,0,C,Parma,17,5.62,5.5,0,0,0,0,0,0,0,0,4,0,0
265,C,BROZOVIC,Inter,30,6.02,6.43,4,0,0,0,0,0,3,1,7,0,0,C,Inter,23,5.98,6.39,4,0,0,0,0,0,1,0,7,0,0,C,Inter,28,6.21,6.8,4,0,0,0,0,0,5,4,9,0,0,C,Inter,32,5.91,5.94,2,0,0,0,0,0,0,1,10,1,0
253,D,D'AMBROSIO,Inter,18,5.94,6.14,2,0,0,0,0,0,0,0,3,1,0,D,Inter,32,5.83,6.11,3,0,0,0,0,0,2,0,4,0,0,D,Inter,34,5.93,6.1,2,0,0,0,0,0,3,0,6,0,0,D,Inter,29,5.95,6.19,2,0,0,0,0,0,4,0,6,0,0
250,P,HANDANOVIC,Inter,36,6.32,5.39,0,34,1,0,0,0,0,0,5,0,0,P,Inter,37,6.32,5.03,0,47,1,0,0,0,0,0,4,0,1,P,Inter,38,6.29,5.45,0,30,0,0,0,0,0,0,0,0,1,P,Inter,38,6.18,5.32,0,33,0,0,0,0,0,0,0,0,0
277,A,ICARDI,Inter,31,6.13,7.69,15,0,0,2,1,1,4,0,1,0,0,A,Inter,34,6.19,8.26,21,0,0,4,3,1,4,0,1,0,1,A,Inter,34,6.35,8.82,23,0,0,7,6,1,1,0,2,0,0,A,Inter,29,5.88,7.05,6,0,0,6,5,1,4,0,0,0,0
256,D,JUAN JESUS,Inter,17,5.74,5.65,0,0,0,0,0,0,0,0,3,0,0,D,Roma,17,5.79,5.65,0,0,0,0,0,0,0,0,5,0,0,D,Roma,20,5.72,5.58,0,0,0,0,0,0,0,0,4,1,0,D,Roma,18,5.78,5.72,1,0,0,0,0,0,0,0,4,0,1
478,A,LJAJIC,Inter,20,6.02,6.58,3,0,0,0,0,0,3,0,2,0,0,A,Torino,33,6.11,7,9,0,0,2,1,1,1,4,5,0,0,A,Torino,27,6.33,7.3,6,0,0,0,0,0,4,5,2,0,0,A,Torino,1,6,6,0,0,0,0,0,0,0,0,0,0,0
257,D,MIRANDA,Inter,32,6.16,6.16,1,0,0,0,0,0,2,0,6,2,0,D,Inter,32,5.88,5.78,0,0,0,0,0,0,0,0,6,0,0,D,Inter,31,6.03,5.9,0,0,0,0,0,0,0,0,8,0,0,D,Inter,14,5.82,5.71,0,0,0,0,0,0,0,0,3,0,0
280,A,PALACIO,Inter,20,6.18,6.55,2,0,0,0,0,0,4,0,5,0,0,A,Inter,11,5.86,6,0,0,0,0,0,0,2,0,1,0,0,A,Bologna,27,6.11,6.46,4,0,0,0,0,0,2,0,9,0,0,A,Bologna,28,6.3,6.73,3,0,0,0,0,0,6,0,6,0,0
704,C,PERISIC,Inter,33,6.08,6.79,7,0,0,0,0,0,5,0,5,0,0,C,Inter,36,6.12,7.18,11,0,0,0,0,0,7,0,2,1,0,C,Inter,37,6.05,7.08,11,0,0,0,0,0,8,1,4,0,1,C,Inter,34,6.03,6.72,6,0,0,2,2,0,3,1,5,0,1
262,D,SANTON,Inter,11,5.73,5.68,0,0,0,0,0,0,0,0,1,0,0,D,Inter,12,5.58,5.62,0,0,0,0,0,0,1,0,1,0,0,D,Inter,13,5.54,5.46,0,0,0,0,0,0,0,0,2,0,0,D,Roma,13,5.69,5.77,0,0,0,0,0,0,1,0,0,0,0
662,D,ALEX SANDRO,Juventus,19,6.45,6.74,2,0,0,0,0,0,3,0,5,1,0,D,Juventus,26,6.23,6.52,3,0,0,0,0,0,3,0,5,0,1,D,Juventus,26,6.08,6.54,4,0,0,0,0,0,4,0,8,0,0,D,Juventus,29,6.05,6.14,1,0,0,0,0,0,3,0,7,0,0
295,C,ASAMOAH,Juventus,8,6.31,6.38,0,0,0,0,0,0,1,0,1,0,0,C,Juventus,17,6.12,6.12,0,0,0,0,0,0,1,0,2,0,0,D,Juventus,19,6.11,6,0,0,0,0,0,0,0,0,4,0,0,D,Inter,32,6.02,5.95,0,0,0,0,0,0,1,0,6,0,0
285,D,BARZAGLI,Juventus,31,6.27,6.34,1,0,0,0,0,0,0,0,2,0,0,D,Juventus,20,6.12,6.08,0,0,0,0,0,0,0,0,2,0,0,D,Juventus,20,6.02,5.92,0,0,0,0,0,0,1,0,2,0,1,D,Juventus,4,6,6,0,0,0,0,0,0,0,0,0,0,0
286,D,BONUCCI,Juventus,36,6.15,6.29,3,0,0,0,0,0,1,0,6,0,1,D,Juventus,29,6.09,6.31,3,0,0,0,0,0,0,0,5,0,0,D,Milan,35,5.83,5.9,2,0,0,0,0,0,0,0,5,1,0,D,Juventus,29,6.02,6.29,3,0,0,0,0,0,0,0,2,0,0
288,D,CHIELLINI,Juventus,24,6.17,6.17,1,0,0,0,0,0,0,0,4,1,0,D,Juventus,20,6.1,6.35,2,0,0,0,0,0,1,0,4,0,0,D,Juventus,24,6.21,6.21,0,0,0,0,0,0,1,0,2,0,0,D,Juventus,23,6.35,6.46,1,0,0,0,0,0,1,0,3,0,0
697,C,CUADRADO,Juventus,26,6.4,6.98,4,0,0,0,0,0,3,1,2,0,0,C,Juventus,30,5.98,6.25,2,0,0,0,0,0,5,1,8,0,0,C,Juventus,20,6.35,7.12,4,0,0,0,0,0,6,0,5,0,0,C,Juventus,16,5.78,5.97,1,0,0,0,0,0,2,0,4,0,0
309,A,DYBALA,Juventus,33,6.47,8.39,13,0,0,6,6,0,5,2,1,0,0,A,Juventus,29,6.55,7.9,8,0,0,3,3,0,5,2,2,0,0,A,Juventus,33,6.45,8.42,19,0,0,5,3,2,3,2,0,0,0,A,Juventus,27,5.94,6.56,4,0,0,1,1,0,2,0,2,0,0
299,C,KHEDIRA,Juventus,19,6.29,7.11,5,0,0,0,0,0,3,0,3,1,0,C,Juventus,31,6.05,6.6,5,0,0,0,0,0,3,0,2,0,0,C,Juventus,26,6.17,7.27,9,0,0,0,0,0,2,0,1,0,0,C,Juventus,10,6.1,6.7,2,0,0,0,0,0,0,0,0,0,0
312,A,MANDZUKIC,Juventus,27,6.3,7.35,10,0,0,0,0,0,1,0,5,0,0,A,Juventus,32,6.17,6.81,7,0,0,0,0,0,2,0,5,0,0,A,Juventus,32,5.88,6.33,5,0,0,0,0,0,2,0,3,1,0,A,Juventus,25,6.36,7.6,9,0,0,0,0,0,6,0,4,0,0
300,C,MARCHISIO,Juventus,22,6.27,6.18,0,0,0,0,0,0,1,1,8,0,0,C,Juventus,18,6.28,6.44,1,0,0,0,0,0,1,0,2,0,0,C,Juventus,12,6.04,6.08,0,0,0,0,0,0,1,0,1,0,0,C,Juventus,0,0,0,0,0,0,0,0,0,0,0,0,0,0
301,C,PADOIN,Juventus,8,5.69,5.94,1,0,0,0,0,0,0,0,2,0,0,C,Cagliari,28,5.68,5.71,1,0,0,0,0,0,1,0,6,0,0,D,Cagliari,37,5.73,5.76,1,0,0,0,0,0,0,0,4,0,0,C,Cagliari,28,5.73,5.73,0,0,0,0,0,0,1,0,2,0,0
294,D,RUGANI,Juventus,15,6.2,6.13,0,0,0,0,0,0,0,0,2,0,0,D,Juventus,14,6.5,6.79,2,0,0,0,0,0,0,0,4,0,0,D,Juventus,22,6.14,6.39,2,0,0,0,0,0,1,0,3,0,0,D,Juventus,15,5.93,6.23,2,0,0,0,0,0,0,0,3,0,0
305,C,STURARO,Juventus,17,5.74,5.74,1,0,0,0,0,0,0,0,6,0,0,C,Juventus,16,5.91,5.75,0,0,0,0,0,0,0,0,5,0,0,C,Juventus,11,5.77,5.73,0,0,0,0,0,0,0,0,1,0,0,C,Genoa,5,5.7,6.1,1,0,0,0,0,0,0,0,0,1,0
319,D,BASTA,Lazio,22,5.7,5.59,0,0,0,0,0,0,0,0,1,0,1,D,Lazio,27,5.94,6.09,1,0,0,0,0,0,2,0,2,0,0,D,Lazio,11,5.95,6.05,0,0,0,0,0,0,1,0,0,0,0,D,Lazio,0,0,0,0,0,0,0,0,0,0,0,0,0,0
316,P,BERISHA E,Lazio,11,6.05,5.09,0,13,1,0,0,0,0,0,1,0,0,P,Atalanta,26,6.17,5.13,0,26,0,0,0,0,0,0,2,0,0,P,Atalanta,31,6.13,5.13,0,34,1,0,0,0,0,0,0,0,0,P,Atalanta,18,5.97,4.56,0,25,0,0,0,0,0,0,1,0,0
331,C,BIGLIA,Lazio,27,6.33,6.65,2,0,0,2,2,0,0,2,9,1,0,C,Lazio,28,6,6.18,1,0,0,5,3,2,1,2,8,0,0,C,Milan,26,5.83,5.88,1,0,0,0,0,0,1,0,5,0,0,C,Milan,15,5.93,6.03,1,0,0,0,0,0,0,0,3,0,0
332,C,CANDREVA,Lazio,30,6.32,7.15,4,0,0,8,6,2,3,0,4,0,0,C,Inter,38,6.07,6.67,6,0,0,1,0,1,8,1,2,0,0,C,Inter,34,6.07,6.25,0,0,0,0,0,0,7,1,4,0,0,C,Inter,11,6,6.27,1,0,0,0,0,0,0,0,0,0,0
333,C,CATALDI,Lazio,18,5.69,5.75,1,0,0,0,0,0,3,0,8,1,0,C,Genoa,22,5.84,5.84,1,0,0,0,0,0,0,1,8,0,0,C,Benevento,29,5.59,5.62,1,0,0,0,0,0,2,1,8,1,0,C,Lazio,11,6.09,6.64,2,0,0,0,0,0,0,1,2,0,0
322,D,DE VRIJ,Lazio,2,5.75,5.75,0,0,0,0,0,0,0,0,0,0,0,D,Lazio,27,6.24,6.48,2,0,0,0,0,0,2,0,3,0,0,D,Lazio,36,6.25,6.74,6,0,0,0,0,0,1,0,3,0,0,D,Inter,28,6.07,6.18,2,0,0,0,0,0,0,0,2,0,1
344,A,DJORDJEVIC,Lazio,23,5.52,5.93,3,0,0,0,0,0,2,0,1,1,0,A,Lazio,12,5.58,5.58,0,0,0,0,0,0,0,0,0,0,0,A,Lazio,0,0,0,0,0,0,0,0,0,0,0,0,0,0,A,Chievo,12,5.42,5.62,1,0,0,0,0,0,0,0,1,0,0
345,A,KEITA B,Lazio,30,6.18,6.53,4,0,0,0,0,0,1,0,5,0,0,A,Lazio,31,6.65,8.23,14,0,0,2,2,0,4,0,4,1,0,A,Lazio,0,0,0,0,0,0,0,0,0,0,0,0,0,0,A,Inter,21,6.02,6.76,5,0,0,0,0,0,2,0,1,1,0
338,C,LULIC,Lazio,30,5.85,6.07,3,0,0,0,0,0,3,0,9,1,0,C,Lazio,31,6.16,6.56,3,0,0,0,0,0,8,0,7,1,0,C,Lazio,35,5.96,6.19,2,0,0,1,1,0,5,0,6,1,1,C,Lazio,35,5.9,6.2,4,0,0,0,0,0,1,0,5,0,0
318,P,MARCHETTI,Lazio,29,6.24,5.1,0,39,2,0,0,0,0,0,0,0,0,P,Lazio,17,6.18,5.24,0,22,2,0,0,0,0,0,0,0,0,P,Lazio,0,0,0,0,0,0,0,0,0,0,0,0,0,0,P,Genoa,4,5.75,3.12,0,10,0,0,0,0,0,0,1,0,0
380,A,MATRI,Lazio,18,5.58,6.22,4,0,0,0,0,0,1,0,1,1,0,A,Sassuolo,28,5.84,6.68,8,0,0,0,0,0,0,0,1,0,0,A,Sassuolo,20,5.85,5.98,2,0,0,3,1,2,0,0,1,0,0,A,Sassuolo,15,5.7,6.03,2,0,0,0,0,0,0,0,3,0,0
645,C,MILINKOVIC-SAVIC,Lazio,23,6.02,6,1,0,0,0,0,0,0,0,5,1,0,C,Lazio,34,6.22,6.63,4,0,0,0,0,0,6,0,8,0,0,C,Lazio,35,6.49,7.49,12,0,0,0,0,0,3,0,8,0,0,C,Lazio,31,5.87,6.31,5,0,0,0,0,0,3,0,7,1,0
342,C,PAROLO,Lazio,30,5.85,6,3,0,0,0,0,0,0,0,9,0,0,C,Lazio,34,6.06,6.34,5,0,0,0,0,0,0,0,11,0,0,C,Lazio,31,6.03,6.52,4,0,0,0,0,0,5,0,2,1,0,C,Lazio,32,6.17,6.55,4,0,0,0,0,0,3,0,7,0,0
327,D,PATRIC,Lazio,8,5.69,5.44,0,0,0,0,0,0,0,0,2,1,0,D,Lazio,16,5.75,5.69,0,0,0,0,0,0,1,0,4,0,0,D,Lazio,10,5.9,5.95,0,0,0,0,0,0,1,0,1,0,0,D,Lazio,14,5.75,5.71,0,0,0,0,0,0,0,0,1,0,0
329,D,RADU,Lazio,13,5.62,5.5,0,0,0,0,0,0,1,0,3,1,0,D,Lazio,29,5.78,5.84,2,0,0,0,0,0,1,0,10,0,0,D,Lazio,31,5.82,5.73,0,0,0,0,0,0,2,0,8,1,0,D,Lazio,28,5.8,5.75,0,0,0,0,0,0,1,0,5,0,0
353,D,ABATE,Milan,26,6.12,6.13,1,0,0,0,0,0,1,0,7,0,0,D,Milan,23,5.7,5.74,0,0,0,0,0,0,2,0,2,0,0,D,Milan,16,5.75,5.84,1,0,0,0,0,0,0,0,3,0,0,D,Milan,18,6.06,5.94,0,0,0,0,0,0,0,0,4,0,0
356,D,ANTONELLI,Milan,28,6.09,6.41,3,0,0,0,0,0,1,0,2,0,0,D,Milan,6,6.17,6.08,0,0,0,0,0,0,0,0,1,0,0,D,Milan,3,5.33,5.17,0,0,0,0,0,0,0,0,1,0,0,D,Empoli,12,5.83,5.88,0,0,0,0,0,0,1,0,1,0,0
366,C,BERTOLACCI,Milan,25,5.76,5.8,1,0,0,0,0,0,1,0,6,0,0,C,Milan,13,5.88,6,1,0,0,0,0,0,0,0,3,0,0,C,Genoa,33,5.83,5.79,1,0,0,0,0,0,0,0,7,1,0,C,Milan,0,0,0,0,0,0,0,0,0,0,0,0,0,0
367,C,BONAVENTURA,Milan,33,6.26,6.89,6,0,0,0,0,0,4,3,8,0,0,C,Milan,19,6.47,6.87,3,0,0,0,0,0,0,0,3,0,0,C,Milan,32,6.02,6.81,8,0,0,0,0,0,3,0,3,0,0,C,Milan,8,6.12,7.25,3,0,0,0,0,0,0,0,0,0,0
357,D,CALABRIA,Milan,6,6,5.67,0,0,0,0,0,0,0,0,4,0,0,D,Milan,11,5.82,5.77,0,0,0,0,0,0,1,0,3,0,0,D,Milan,18,5.97,6.25,1,0,0,0,0,0,3,0,0,1,0,D,Milan,25,5.9,5.96,1,0,0,0,0,0,1,0,5,0,0
358,D,DE SCIGLIO,Milan,22,5.52,5.45,0,0,0,0,0,0,0,0,3,0,0,D,Milan,25,5.66,5.58,0,0,0,0,0,0,0,0,4,0,0,D,Juventus,12,6.42,6.62,1,0,0,0,0,0,0,0,1,0,0,D,Juventus,20,6.02,6.02,0,0,0,0,0,0,1,0,2,0,0
350,P,DONNARUMMA G,Milan,29,6.34,5.29,0,29,0,0,0,0,0,0,3,0,0,P,Milan,38,6.32,5.26,0,45,2,0,0,0,0,0,2,0,0,P,Milan,38,6.09,4.91,0,42,0,0,0,0,0,0,2,0,1,P,Milan,35,6.33,5.47,0,31,1,0,0,0,0,0,4,0,0
827,C,LOCATELLI M,Milan,1,5,4.5,0,0,0,0,0,0,0,0,1,0,0,C,Milan,25,5.92,6.02,2,0,0,0,0,0,0,0,7,0,0,C,Milan,15,5.93,5.8,0,0,0,0,0,0,0,0,4,0,0,C,Sassuolo,26,5.94,6.21,2,0,0,0,0,0,2,2,7,0,0
371,C,MAURI J,Milan,4,6,5.75,0,0,0,0,0,0,0,0,2,0,0,C,Empoli,14,5.71,5.57,0,0,0,0,0,0,0,0,4,0,0,C,Milan,0,0,0,0,0,0,0,0,0,0,0,0,0,0,C,Milan,4,5.62,5.62,0,0,0,0,0,0,0,0,0,0,0
372,C,MONTOLIVO,Milan,31,5.79,5.74,0,0,0,0,0,0,1,0,5,0,0,C,Milan,9,5.94,5.83,0,0,0,0,0,0,0,0,2,0,0,C,Milan,16,5.78,5.88,1,0,0,0,0,0,1,0,3,1,0,C,Milan,0,0,0,0,0,0,0,0,0,0,0,0,0,0
382,A,NIANG,Milan,15,6.13,7.37,3,0,0,2,2,0,3,1,1,0,0,A,Milan,14,5.68,5.96,2,0,0,3,1,2,2,0,0,1,0,A,Torino,24,5.75,6.19,4,0,0,0,0,0,1,0,5,0,0,A,Torino,0,0,0,0,0,0,0,0,0,0,0,0,0,0
383,A,PETAGNA,Milan,0,0,0,0,0,0,0,0,0,0,0,0,0,0,A,Atalanta,33,6.29,6.89,5,0,0,0,0,0,6,0,2,0,0,A,Atalanta,29,5.95,6.36,4,0,0,0,0,0,3,0,6,0,0,A,SPAL,36,6.1,7.32,10,0,0,6,6,0,0,0,8,0,0
374,C,POLI,Milan,12,5.83,5.88,0,0,0,0,0,0,1,0,1,0,0,C,Milan,7,5.79,5.71,0,0,0,0,0,0,0,0,1,0,0,C,Bologna,31,5.9,5.94,2,0,0,0,0,0,0,0,8,1,0,C,Bologna,28,6.11,6.48,4,0,0,0,0,0,1,0,5,0,0
460,D,ROMAGNOLI A,Milan,34,5.97,5.82,0,0,0,0,0,0,0,0,8,1,0,D,Milan,27,5.91,5.94,1,0,0,0,0,0,1,0,4,1,0,D,Milan,27,6.04,6.09,2,0,0,0,0,0,0,0,7,1,0,D,Milan,32,6.27,6.28,2,0,0,0,0,0,0,0,5,1,1
365,D,ZAPATA C,Milan,16,5.69,5.75,1,0,0,0,0,0,0,0,4,0,0,D,Milan,14,5.75,5.96,1,0,0,0,0,0,0,0,0,0,0,D,Milan,11,6.09,6,0,0,0,0,0,0,0,0,2,0,0,D,Milan,12,6.08,5.92,0,0,0,0,0,0,0,0,4,0,0
388,D,ALBIOL,Napoli,36,6.06,6.03,1,0,0,0,0,0,1,0,10,0,0,D,Napoli,26,6.17,6.06,0,0,0,0,0,0,1,0,8,0,0,D,Napoli,31,6.24,6.45,3,0,0,0,0,0,1,0,7,0,0,D,Napoli,19,5.79,5.84,1,0,0,0,0,0,0,0,4,0,0
397,C,ALLAN,Napoli,35,6.39,6.7,3,0,0,0,0,0,4,0,4,0,0,C,Napoli,28,6.02,6.18,1,0,0,0,0,0,3,0,3,0,0,C,Napoli,37,6.34,6.74,4,0,0,0,0,0,4,0,2,0,0,C,Napoli,33,6.18,6.18,1,0,0,0,0,0,2,0,10,0,0
406,A,CALLEJON,Napoli,36,6.19,6.83,7,0,0,0,0,0,4,0,4,0,0,A,Napoli,37,6.49,7.89,14,0,0,0,0,0,11,1,2,1,0,A,Napoli,38,6.14,7.18,10,0,0,0,0,0,7,4,3,0,0,A,Napoli,33,6.15,6.71,3,0,0,0,0,0,9,1,1,0,0
640,D,CHIRICHES,Napoli,8,6,6.25,1,0,0,0,0,0,0,0,2,0,0,D,Napoli,13,6.12,6.58,2,0,0,0,0,0,0,0,0,0,0,D,Napoli,7,5.79,5.71,0,0,0,0,0,0,0,0,1,0,0,D,Napoli,2,6.25,6.25,0,0,0,0,0,0,0,0,0,0,0
385,P,GABRIEL,Napoli,1,6,6,0,3,1,0,0,0,0,0,0,0,0,P,Cagliari,3,5.67,3.17,0,7,0,0,0,0,0,0,1,0,0,P,Milan,0,0,0,0,0,0,0,0,0,0,0,0,0,0,P,Milan,0,0,0,0,0,0,0,0,0,0,0,0,0,0
390,D,GHOULAM,Napoli,34,6.03,6.04,0,0,0,0,0,0,2,0,3,0,0,D,Napoli,27,5.93,6.13,0,0,0,0,0,0,5,1,1,0,0,D,Napoli,11,6.55,7.32,2,0,0,0,0,0,3,0,1,0,0,D,Napoli,15,6,6.33,1,0,0,0,0,0,2,1,2,0,0
27,C,GRASSI,Napoli,13,6.04,5.81,0,0,0,0,0,0,0,0,4,1,0,C,Atalanta,15,5.9,6.03,1,0,0,0,0,0,0,0,2,0,0,C,SPAL,28,6.11,6.38,3,0,0,0,0,0,0,0,3,0,0,C,Parma,6,5.83,5.83,0,0,0,0,0,0,0,0,0,0,0
402,C,HAMSIK,Napoli,38,6.39,6.97,5,0,0,2,1,1,7,0,0,0,0,C,Napoli,38,6.41,7.47,12,0,0,0,0,0,5,0,1,0,0,C,Napoli,38,6.03,6.58,7,0,0,0,0,0,1,0,2,0,0,C,Napoli,13,5.85,5.81,0,0,0,0,0,0,0,0,1,0,0
408,A,HIGUAIN,Napoli,35,6.94,10.04,33,0,0,3,3,0,2,0,1,1,0,A,Juventus,38,6.47,8.43,24,0,0,0,0,0,3,0,1,0,0,A,Juventus,33,6.17,7.56,15,0,0,2,1,1,3,0,4,0,0,A,Milan,15,6,6.93,6,0,0,1,0,1,1,0,2,1,0
140,D,HYSAJ,Napoli,37,6.03,6.01,0,0,0,0,0,0,2,0,5,0,0,D,Napoli,34,5.81,5.63,0,0,0,0,0,0,0,0,8,0,1,D,Napoli,35,5.94,5.91,0,0,0,0,0,0,1,0,2,1,0,D,Napoli,25,5.76,5.76,0,0,0,0,0,0,2,0,4,0,0
409,A,INSIGNE,Napoli,37,6.26,7.45,10,0,0,2,2,0,9,0,2,0,0,A,Napoli,37,6.59,8.24,16,0,0,2,2,0,8,0,2,0,0,A,Napoli,37,6.34,7.2,7,0,0,1,1,0,10,0,4,0,0,A,Napoli,28,6.07,7.07,9,0,0,2,1,1,5,0,6,1,0
392,D,KOULIBALY,Napoli,33,6.32,6.15,0,0,0,0,0,0,0,0,11,0,0,D,Napoli,28,6.27,6.38,2,0,0,0,0,0,0,0,6,0,0,D,Napoli,35,6.3,6.63,5,0,0,0,0,0,0,0,5,1,0,D,Napoli,35,6.27,6.31,2,0,0,0,0,0,1,0,9,1,0
410,A,MERTENS,Napoli,33,6.17,6.67,5,0,0,0,0,0,5,0,7,0,0,A,Napoli,34,6.87,9.4,26,0,0,3,2,1,8,0,6,0,0,A,Napoli,38,6.22,7.67,14,0,0,5,4,1,6,0,4,0,0,A,Napoli,35,6.31,7.96,15,0,0,1,1,0,8,2,1,0,0
386,P,RAFAEL CABRAL,Napoli,0,0,0,0,0,0,0,0,0,0,0,0,0,0,P,Napoli,1,6,5,0,1,0,0,0,0,0,0,0,0,0,P,Napoli,0,0,0,0,0,0,0,0,0,0,0,0,0,0,P,Sampdoria,2,6,6,0,0,0,0,0,0,0,0,0,0,0
490,D,REGINI,Napoli,14,5.39,5.32,0,0,0,0,0,0,0,0,2,0,0,D,Sampdoria,34,5.66,5.71,0,0,0,0,0,0,4,0,5,0,0,D,Sampdoria,14,5.86,5.79,0,0,0,0,0,0,0,0,2,0,0,D,SPAL,3,6,6,0,0,0,0,0,0,0,0,0,0,0
387,P,REINA,Napoli,37,6.12,5.32,0,29,0,0,0,0,0,0,1,0,0,P,Napoli,37,6.09,5.14,0,38,1,0,0,0,0,0,1,0,0,P,Napoli,37,6.08,5.28,0,29,0,0,0,0,0,0,1,0,0,P,Milan,4,6.38,5.12,0,5,0,0,0,0,0,0,0,0,0
395,D,STRINIC,Napoli,4,5.75,5.75,0,0,0,0,0,0,0,0,0,0,0,D,Napoli,12,6.25,6.29,0,0,0,0,0,0,1,1,3,0,0,D,Sampdoria,15,5.9,5.97,0,0,0,0,0,0,2,0,2,0,0,D,Milan,0,0,0,0,0,0,0,0,0,0,0,0,0,0
405,C,VALDIFIORI,Napoli,6,5.42,5.17,0,0,0,0,0,0,0,0,3,0,0,C,Torino,24,5.85,5.75,0,0,0,0,0,0,0,0,5,0,0,C,Torino,9,5.5,5.44,0,0,0,0,0,0,0,0,1,0,0,C,SPAL,13,5.88,5.85,0,0,0,0,0,0,0,1,3,0,0
780,D,CIONEK,Palermo,5,6.2,6,0,0,0,0,0,0,0,0,2,0,0,D,Palermo,28,5.68,5.54,0,0,0,0,0,0,0,0,8,0,0,D,SPAL,15,6.17,6.2,1,0,0,0,0,0,0,0,5,0,0,D,SPAL,30,5.77,5.58,0,0,0,0,0,0,2,0,12,2,0
779,C,CRISTANTE,Palermo,2,5.25,5.25,0,0,0,0,0,0,0,0,0,0,0,C,Atalanta,25,6,6.4,3,0,0,0,0,0,2,0,2,0,0,C,Atalanta,36,6.1,6.81,9,0,0,1,0,1,3,0,3,0,0,C,Roma,35,5.87,6.13,4,0,0,0,0,0,2,0,10,0,0
418,D,GOLDANIGA,Palermo,15,5.8,6.07,2,0,0,0,0,0,0,0,5,0,0,D,Palermo,28,5.43,5.34,2,0,0,0,0,0,0,0,11,1,1,D,Sassuolo,13,5.92,5.88,1,0,0,0,0,0,0,0,3,2,0,D,Frosinone,29,5.57,5.6,1,0,0,0,0,0,1,0,6,0,0
419,D,GONZALEZ G,Palermo,35,5.56,5.46,2,0,0,0,0,0,0,0,11,0,2,D,Palermo,20,5.5,5.38,1,0,0,0,0,0,0,0,7,2,0,D,Bologna,22,5.61,5.43,0,0,0,0,0,0,0,0,4,2,0,D,Bologna,11,5.73,5.73,0,0,0,0,0,0,1,0,2,0,0
433,C,HILJEMARK,Palermo,38,5.74,6.05,4,0,0,0,0,0,1,1,4,0,0,C,Genoa,26,5.62,5.83,2,0,0,0,0,0,0,0,1,0,0,C,Genoa,15,5.9,6.07,0,0,0,0,0,0,3,0,1,0,0,C,Genoa,15,5.7,5.9,1,0,0,0,0,0,0,0,0,0,0
770,D,PEZZELLA GIU,Palermo,8,5.44,5.44,0,0,0,0,0,0,0,0,0,0,0,D,Palermo,10,5.35,5.3,0,0,0,0,0,0,0,0,1,0,0,D,Udinese,14,5.5,5.32,0,0,0,0,0,0,0,0,3,1,0,D,Genoa,5,5.2,4.9,0,0,0,0,0,0,0,0,1,1,0
413,P,SORRENTINO,Palermo,35,6.36,4.69,0,58,0,0,0,0,0,0,1,0,0,P,Chievo,34,6.26,4.72,0,52,0,0,0,0,0,0,1,0,0,P,Chievo,38,6.29,4.95,0,59,3,0,0,0,0,0,2,0,0,P,Chievo,31,6.29,4.52,0,60,2,0,0,0,0,0,2,0,0
463,C,DE ROSSI,Roma,23,6.07,6.09,1,0,0,0,0,0,1,1,9,0,0,C,Roma,28,6.09,6.46,2,0,0,2,2,0,2,1,9,0,0,C,Roma,21,5.9,5.9,1,0,0,0,0,0,1,0,6,1,0,C,Roma,18,6.19,6.33,1,0,0,0,0,0,1,0,3,0,0
647,A,DZEKO,Roma,28,5.75,6.57,6,0,0,2,2,0,2,0,4,1,0,A,Roma,37,6.62,8.97,28,0,0,3,1,2,8,0,4,0,0,A,Roma,36,6.21,7.57,16,0,0,0,0,0,4,0,6,0,0,A,Roma,33,6,6.83,9,0,0,0,0,0,5,0,9,0,0
795,A,EL SHAARAWY,Roma,16,6.31,7.94,8,0,0,0,0,0,2,0,0,0,0,A,Roma,29,6.16,7.12,8,0,0,0,0,0,4,0,0,0,0,A,Roma,32,5.92,6.72,7,0,0,0,0,0,5,0,1,0,0,A,Roma,28,6.18,7.43,11,0,0,0,0,0,3,0,2,0,0
464,C,FLORENZI,Roma,33,6.14,6.8,7,0,0,0,0,0,3,0,4,0,0,D,Roma,9,6.17,6.33,0,0,0,0,0,0,2,1,3,0,0,C,Roma,31,6,6.13,1,0,0,1,0,1,5,0,2,0,0,D,Roma,29,6.03,6.31,3,0,0,0,0,0,1,1,4,1,0
475,A,IAGO FALQUE,Roma,21,5.74,6.05,2,0,0,0,0,0,1,0,1,0,0,A,Torino,34,6.13,7.25,10,0,0,3,2,1,6,0,2,0,0,A,Torino,36,6.18,7.35,12,0,0,0,0,0,6,1,2,0,0,A,Torino,25,6.22,7.08,6,0,0,0,0,0,3,1,1,0,0
459,D,MANOLAS,Roma,37,6.04,6.11,2,0,0,0,0,0,2,0,7,0,1,D,Roma,32,6.11,6,0,0,0,0,0,0,0,0,7,0,0,D,Roma,29,6.02,6.22,2,0,0,0,0,0,0,0,0,0,0,D,Roma,27,6.06,6.06,1,0,0,0,0,0,0,0,6,0,0
467,C,NAINGGOLAN,Roma,35,6.33,6.7,6,0,0,0,0,0,1,0,10,1,0,C,Roma,36,6.39,7.33,11,0,0,0,0,0,2,0,2,0,0,C,Roma,31,6.23,6.77,4,0,0,0,0,0,9,0,6,1,0,C,Inter,28,6.21,6.91,6,0,0,0,0,0,3,0,3,0,0
237,C,PEROTTI,Roma,31,6.27,6.77,3,0,0,1,1,0,6,1,3,2,0,C,Roma,27,6.26,7.33,1,0,0,7,7,0,6,0,2,0,0,C,Roma,23,6.17,6.74,3,0,0,4,2,2,4,0,0,0,0,C,Roma,13,6,7.04,2,0,0,3,3,0,0,0,3,0,0
469,C,PJANIC,Roma,33,6.44,7.41,9,0,0,1,1,0,7,3,10,1,1,C,Juventus,30,6.18,6.87,5,0,0,0,0,0,3,5,5,0,0,C,Juventus,31,6.32,6.92,5,0,0,0,0,0,7,1,5,0,1,C,Juventus,30,6.12,6.37,2,0,0,0,0,0,2,3,5,1,0
470,C,STROOTMAN,Roma,3,6.33,6.5,0,0,0,0,0,0,1,0,1,0,0,C,Roma,33,6.3,6.76,4,0,0,0,0,0,6,0,6,0,0,C,Roma,29,5.84,5.88,1,0,0,0,0,0,0,0,4,0,0,C,Roma,1,5.5,5.5,0,0,0,0,0,0,0,0,0,0,0
453,P,SZCZESNY,Roma,34,6.21,5.19,0,34,0,0,0,0,0,0,1,0,0,P,Roma,38,6.28,5.43,0,38,2,0,0,0,0,0,0,0,0,P,Juventus,17,6.06,5.53,0,9,0,0,0,0,0,0,0,0,0,P,Juventus,28,6.14,5.54,0,20,1,0,0,0,0,0,0,0,0
493,D,ZUKANOVIC,Roma,23,5.59,5.74,3,0,0,0,0,0,1,0,7,1,1,D,Atalanta,18,5.94,5.92,0,0,0,0,0,0,0,0,1,0,0,D,Genoa,31,5.97,5.79,0,0,0,0,0,0,1,0,5,0,2,D,Genoa,24,5.69,5.58,0,0,0,0,0,0,0,0,5,0,0
494,C,BARRETO,Sampdoria,28,5.59,5.57,0,0,0,0,0,0,1,0,3,0,0,C,Sampdoria,32,5.97,6.06,2,0,0,0,0,0,0,0,4,1,0,C,Sampdoria,26,5.67,5.67,1,0,0,0,0,0,0,0,4,1,0,C,Sampdoria,11,6.05,6.14,0,0,0,0,0,0,2,0,2,0,0
487,D,DE SILVESTRI,Sampdoria,17,6.06,6.24,1,0,0,0,0,0,2,0,4,0,0,D,Torino,16,5.84,6.12,1,0,0,0,0,0,1,1,1,0,0,D,Torino,35,6.04,6.46,5,0,0,0,0,0,2,0,3,1,0,D,Torino,31,6,6.29,2,0,0,0,0,0,4,0,2,0,0
729,D,PEREIRA P,Sampdoria,9,5.61,5.72,0,0,0,0,0,0,1,0,0,0,0,D,Sampdoria,10,5.45,5.2,0,0,0,0,0,0,0,0,5,0,0,D,Genoa,6,5.92,5.75,0,0,0,0,0,0,0,0,2,0,0,D,Genoa,20,5.52,5.5,0,0,0,0,0,0,0,0,1,0,0
568,A,QUAGLIARELLA,Sampdoria,31,5.85,6.61,7,0,0,1,1,0,0,0,1,0,0,A,Sampdoria,36,5.94,6.92,9,0,0,4,3,1,3,0,2,0,0,A,Sampdoria,35,6.24,7.87,12,0,0,8,7,1,5,0,4,0,0,A,Sampdoria,37,6.43,8.64,17,0,0,10,9,1,7,0,1,0,0
261,D,RANOCCHIA,Sampdoria,19,5.55,5.37,0,0,0,0,0,0,0,0,5,1,0,D,Inter,5,5,4.8,0,0,0,0,0,0,0,0,2,0,0,D,Inter,7,6.14,6.43,2,0,0,0,0,0,0,0,4,0,1,D,Inter,2,6,5.75,0,0,0,0,0,0,0,0,1,0,0
718,A,RODRIGUEZ A,Sampdoria,0,0,0,0,0,0,0,0,0,0,0,0,0,0,A,Chievo,0,0,0,0,0,0,0,0,0,0,0,0,0,0,A,Chievo,0,0,0,0,0,0,0,0,0,0,0,0,0,0,A,Empoli,1,6,6,0,0,0,0,0,0,0,0,0,0,0
630,C,SALA,Sampdoria,22,5.61,5.48,0,0,0,0,0,0,0,1,8,0,0,C,Sampdoria,20,5.62,5.5,0,0,0,0,0,0,0,0,5,0,0,D,Sampdoria,13,5.62,5.5,0,0,0,0,0,0,0,0,1,1,0,D,Sampdoria,19,5.87,5.79,0,0,0,0,0,0,1,0,5,0,0
491,D,SALAMON,Sampdoria,0,0,0,0,0,0,0,0,0,0,0,0,0,0,D,Cagliari,10,5.45,5.4,0,0,0,0,0,0,0,0,1,0,0,D,SPAL,20,5.7,5.48,0,0,0,0,0,0,0,0,5,0,1,D,Frosinone,20,5.82,5.75,0,0,0,0,0,0,0,0,3,0,0
492,D,SILVESTRE,Sampdoria,25,5.54,5.4,0,0,0,0,0,0,0,0,7,0,0,D,Sampdoria,36,6,6,0,0,0,0,0,0,2,0,2,1,0,D,Sampdoria,34,5.96,5.94,1,0,0,0,0,0,0,0,3,0,1,D,Empoli,34,5.84,5.87,2,0,0,0,0,0,0,0,6,0,1
798,D,SKRINIAR,Sampdoria,2,5.5,5,0,0,0,0,0,0,0,0,1,1,0,D,Sampdoria,35,5.7,5.61,0,0,0,0,0,0,0,0,4,1,0,D,Inter,38,6.28,6.51,4,0,0,0,0,0,0,0,2,0,1,D,Inter,35,6.1,5.99,0,0,0,0,0,0,0,0,4,0,1
484,P,VIVIANO,Sampdoria,37,6.41,5.19,0,56,4,0,0,0,0,0,2,0,0,P,Sampdoria,17,6.38,5.24,0,20,1,0,0,0,0,0,5,0,0,P,Sampdoria,27,6.15,4.89,0,43,4,0,0,0,0,0,2,0,1,P,SPAL,17,6.29,4.82,0,25,0,0,0,0,0,0,0,0,0
513,D,ACERBI,Sassuolo,36,6.35,6.64,4,0,0,0,0,0,0,0,3,0,0,D,Sassuolo,38,6.16,6.45,3,0,0,1,1,0,0,0,2,0,0,D,Sassuolo,38,5.93,5.83,0,0,0,0,0,0,0,0,4,0,1,D,Lazio,37,6.14,6.31,3,0,0,0,0,0,0,0,3,1,0
824,D,ADJAPONG,Sassuolo,1,6,6,0,0,0,0,0,0,0,0,0,0,0,D,Sassuolo,6,5.67,5.92,1,0,0,0,0,0,0,0,3,0,0,D,Sassuolo,15,5.9,5.73,0,0,0,0,0,0,1,0,5,1,0,D,Sassuolo,4,6,6.62,1,0,0,0,0,0,0,0,1,0,0
531,A,BERARDI,Sassuolo,27,6.17,6.72,4,0,0,5,3,2,4,2,10,1,0,A,Sassuolo,21,6.24,6.95,3,0,0,3,2,1,5,1,6,0,0,A,Sassuolo,31,5.56,5.65,2,0,0,4,2,2,0,1,7,1,0,A,Sassuolo,35,6.1,6.77,7,0,0,1,1,0,2,1,5,1,0
509,P,CONSIGLI,Sassuolo,37,6.15,5.16,0,38,2,0,0,0,0,0,3,1,1,P,Sassuolo,37,6.35,5.01,0,56,3,0,0,0,0,0,1,0,1,P,Sassuolo,37,6.24,4.73,0,58,1,0,0,0,0,0,2,0,0,P,Sassuolo,36,6.25,4.89,0,56,3,0,0,0,0,0,2,1,0
643,A,DEFREL,Sassuolo,31,5.92,6.63,7,0,0,0,0,0,3,0,2,1,0,A,Sassuolo,29,6.17,7.43,11,0,0,1,1,0,1,0,1,0,0,A,Roma,12,5.58,5.79,0,0,0,1,1,0,0,0,1,0,0,A,Sampdoria,35,5.97,6.94,11,0,0,0,0,0,2,0,2,0,0
517,D,DELL'ORCO,Sassuolo,0,0,0,0,0,0,0,0,0,0,0,0,0,0,D,Sassuolo,9,5.78,5.78,0,0,0,0,0,0,0,0,0,0,0,D,Sassuolo,7,6.07,6.07,0,0,0,0,0,0,0,0,0,0,0,D,Empoli,14,5.89,6.14,1,0,0,0,0,0,1,0,1,0,0
526,C,DUNCAN,Sassuolo,31,6.06,6.15,1,0,0,0,0,0,2,0,5,0,0,C,Sassuolo,19,5.92,5.97,1,0,0,0,0,0,0,0,4,0,0,C,Sassuolo,26,5.77,5.73,0,0,0,0,0,0,1,0,4,0,0,C,Sassuolo,24,6.1,6.6,4,0,0,0,0,0,4,0,6,1,0
532,A,FALCINELLI,Sassuolo,21,5.9,6.21,1,0,0,1,1,0,1,0,1,0,0,A,Crotone,36,6.08,7.12,11,0,0,2,2,0,2,0,7,0,0,A,Fiorentina,29,5.64,5.84,2,0,0,0,0,0,1,0,2,0,0,A,Bologna,11,5.45,5.55,0,0,0,0,0,0,1,0,0,0,0
519,D,GAZZOLA,Sassuolo,8,6,6.06,0,0,0,0,0,0,1,0,1,0,0,D,Sassuolo,16,5.75,5.72,0,0,0,0,0,0,1,0,3,0,0,D,Sassuolo,9,5.78,5.72,0,0,0,0,0,0,0,0,1,0,0,D,Parma,16,5.81,5.91,1,0,0,0,0,0,0,0,3,0,0
528,C,MAGNANELLI,Sassuolo,34,6.09,6.06,1,0,0,0,0,0,0,0,8,0,0,C,Sassuolo,14,6.07,6.21,1,0,0,0,0,0,0,0,2,0,0,C,Sassuolo,30,5.75,5.53,0,0,0,0,0,0,0,0,9,2,0,C,Sassuolo,23,5.87,5.76,0,0,0,0,0,0,0,0,3,1,0
529,C,MISSIROLI,Sassuolo,23,6.22,6.3,2,0,0,0,0,0,0,0,6,1,0,C,Sassuolo,12,6,5.88,0,0,0,0,0,0,0,0,3,0,0,C,Sassuolo,35,5.99,6.04,1,0,0,0,0,0,1,0,4,0,0,C,SPAL,34,5.87,5.74,0,0,0,0,0,0,0,0,9,0,0
510,P,PEGOLO,Sassuolo,2,6.25,5,0,2,0,0,0,0,0,0,1,0,0,P,Sassuolo,1,5.5,0.5,0,5,0,0,0,0,0,0,0,0,0,P,Sassuolo,2,5.5,4,0,1,0,0,0,0,0,0,0,0,1,P,Sassuolo,3,6,4.5,0,4,0,0,0,0,0,0,1,0,0
530,C,PELLEGRINI LO,Sassuolo,16,5.84,6.22,3,0,0,0,0,0,0,0,4,1,0,C,Sassuolo,28,6.14,6.88,5,0,0,1,1,0,5,2,7,1,0,C,Roma,26,5.96,6.31,3,0,0,0,0,0,1,1,2,1,0,C,Roma,25,6.18,6.46,2,0,0,0,0,0,2,2,6,0,0
521,D,PELUSO,Sassuolo,34,5.84,5.79,1,0,0,0,0,0,1,0,11,0,0,D,Sassuolo,33,5.71,5.65,1,0,0,0,0,0,1,0,12,0,0,D,Sassuolo,31,5.73,5.69,1,0,0,0,0,0,1,0,10,0,0,D,Sassuolo,16,5.62,5.66,1,0,0,0,0,0,0,0,5,0,0
536,A,POLITANO,Sassuolo,21,6.19,6.88,5,0,0,0,0,0,1,0,3,0,0,A,Sassuolo,32,6.27,6.81,3,0,0,2,2,0,4,1,5,0,0,A,Sassuolo,36,6.14,6.9,10,0,0,2,0,2,4,0,1,0,0,A,Inter,36,6.04,6.51,5,0,0,0,0,0,4,1,4,1,0
789,A,TROTTA,Sassuolo,6,5.67,6.17,1,0,0,0,0,0,0,0,0,0,0,A,Crotone,27,5.8,6.24,2,0,0,1,1,0,4,0,2,0,0,A,Crotone,32,5.94,6.53,5,0,0,3,2,1,2,0,2,0,0,A,Frosinone,8,5.44,5.44,0,0,0,0,0,0,0,0,0,0,0
555,C,ACQUAH,Torino,29,5.97,6.09,2,0,0,0,0,0,2,0,9,0,0,C,Torino,16,5.97,6.09,2,0,0,0,0,0,0,0,2,3,0,C,Torino,16,5.72,5.75,1,0,0,0,0,0,0,0,3,1,0,C,Empoli,22,5.91,6.09,2,0,0,0,0,0,0,0,4,0,0
556,C,BASELLI,Torino,33,6.21,6.52,4,0,0,0,0,0,0,1,6,0,0,C,Torino,34,6.09,6.62,6,0,0,0,0,0,3,0,6,0,0,C,Torino,31,5.81,6.02,4,0,0,0,0,0,1,0,11,1,0,C,Torino,34,6.07,6.38,4,0,0,0,0,0,1,0,5,0,0
441,A,BELOTTI,Torino,34,6.21,7.29,8,0,0,4,4,0,3,0,4,0,0,A,Torino,35,6.56,8.54,24,0,0,5,2,3,3,0,5,0,0,A,Torino,32,5.94,6.75,10,0,0,2,0,2,3,0,2,0,0,A,Torino,37,6.19,7.28,10,0,0,6,5,1,1,0,5,0,0
557,C,BENASSI,Torino,28,6.07,6.3,3,0,0,0,0,0,1,0,7,0,0,C,Torino,27,6,6.54,5,0,0,0,0,0,2,0,5,0,0,C,Fiorentina,35,5.86,6.26,5,0,0,0,0,0,2,0,6,0,0,C,Fiorentina,32,5.89,6.44,7,0,0,0,0,0,0,0,5,1,0
540,P,GOMIS A,Torino,0,0,0,0,0,0,0,0,0,0,0,0,0,0,P,Bologna,0,0,0,0,0,0,0,0,0,0,0,0,0,0,P,SPAL,25,6.12,4.52,0,43,1,0,0,0,0,0,0,0,0,P,SPAL,20,6.05,4.7,0,27,0,0,0,0,0,0,0,0,0
542,P,ICHAZO,Torino,3,5.5,3.83,0,5,0,0,0,0,0,0,0,0,0,P,Torino,0,0,0,0,0,0,0,0,0,0,0,0,0,0,P,Torino,0,0,0,0,0,0,0,0,0,0,0,0,0,0,P,Torino,3,5.67,5,0,2,0,0,0,0,0,0,0,0,0
785,A,IMMOBILE,Torino,14,6.36,7.36,3,0,0,3,2,1,3,0,2,0,0,A,Lazio,36,6.36,8.26,17,0,0,6,6,0,2,0,5,0,0,A,Lazio,33,6.48,9.2,22,0,0,8,7,1,8,0,3,1,0,A,Lazio,35,6.04,7.41,11,0,0,4,4,0,6,0,6,0,0
550,D,MAKSIMOVIC,Torino,16,5.66,5.62,0,0,0,0,0,0,1,0,3,0,0,D,Napoli,8,5.56,5.88,1,0,0,0,0,0,0,0,1,0,0,D,Napoli,1,6,6,0,0,0,0,0,0,0,0,0,0,0,D,Napoli,17,5.88,5.76,0,0,0,0,0,0,0,0,4,0,0
551,D,MOLINARO,Torino,26,5.75,5.77,1,0,0,0,0,0,0,0,3,1,0,D,Torino,10,5.75,5.85,0,0,0,0,0,0,2,0,2,0,0,D,Torino,20,5.72,5.72,0,0,0,0,0,0,1,0,2,0,0,D,Frosinone,14,5.61,5.54,0,0,0,0,0,0,0,0,2,0,0
552,D,MORETTI,Torino,35,5.93,5.96,1,0,0,0,0,0,0,0,4,0,0,D,Torino,23,5.85,5.96,1,0,0,0,0,0,2,0,5,0,0,D,Torino,22,5.89,5.75,0,0,0,0,0,0,0,0,6,0,0,D,Torino,23,5.96,5.85,0,0,0,0,0,0,0,0,5,0,0
560,C,OBI,Torino,8,5.69,5.88,1,0,0,0,0,0,0,0,1,1,0,C,Torino,20,5.82,5.8,0,0,0,0,0,0,1,0,3,0,0,C,Torino,21,6.14,6.83,5,0,0,0,0,0,1,0,3,0,0,C,Chievo,10,5.75,6,1,0,0,0,0,0,0,0,1,0,0
543,P,PADELLI,Torino,35,6.03,4.5,0,50,0,0,0,0,0,0,3,0,1,P,Torino,2,6,4,0,4,0,0,0,0,0,0,0,0,0,P,Inter,0,0,0,0,0,0,0,0,0,0,0,0,0,0,P,Inter,0,0,0,0,0,0,0,0,0,0,0,0,0,0
575,D,ADNAN,Udinese,28,6.02,6.05,1,0,0,0,0,0,1,0,6,0,0,D,Udinese,14,5.57,5.5,0,0,0,0,0,0,0,0,2,0,0,D,Udinese,22,5.95,5.82,0,0,0,0,0,0,1,0,4,0,1,D,Atalanta,3,5.83,5.83,0,0,0,0,0,0,0,0,0,0,0
589,C,BADU,Udinese,33,6.11,6.41,4,0,0,0,0,0,1,0,6,0,0,C,Udinese,28,6.05,6.12,0,0,0,0,0,0,3,0,2,0,0,C,Udinese,0,0,0,0,0,0,0,0,0,0,0,0,0,0,C,Udinese,3,6,6,0,0,0,0,0,0,0,0,0,0,0
813,C,BALIC,Udinese,0,0,0,0,0,0,0,0,0,0,0,0,0,0,C,Udinese,4,6,6.62,1,0,0,0,0,0,0,0,1,0,0,C,Udinese,17,5.62,5.62,0,0,0,0,0,0,0,1,2,0,0,C,Udinese,0,0,0,0,0,0,0,0,0,0,0,0,0,0
578,D,DANILO,Udinese,34,5.75,5.56,0,0,0,0,0,0,0,0,9,2,0,D,Udinese,36,5.83,5.79,2,0,0,0,0,0,0,0,9,1,1,D,Udinese,32,5.77,5.67,1,0,0,0,0,0,0,0,8,0,1,D,Bologna,35,6.01,6.04,1,0,0,0,0,0,0,0,4,0,0
708,D,FELIPE,Udinese,26,5.81,5.71,1,0,0,0,0,0,1,0,11,1,0,D,Udinese,32,5.84,5.83,1,0,0,0,0,0,1,0,9,0,0,D,SPAL,30,5.78,5.75,1,0,0,0,0,0,0,0,6,1,0,D,SPAL,28,5.84,5.96,3,0,0,0,0,0,1,0,13,0,0
626,C,HALLFREDSSON,Udinese,26,5.9,5.73,0,0,0,0,0,0,1,0,11,0,0,C,Udinese,27,5.96,5.89,0,0,0,0,0,0,2,1,10,0,0,C,Udinese,16,5.78,5.5,0,0,0,0,0,0,0,0,5,0,1,C,Udinese,8,5.5,5.75,1,0,0,0,0,0,0,0,2,0,0
583,D,HEURTAUX,Udinese,14,5.71,5.57,0,0,0,0,0,0,0,0,4,0,0,D,Udinese,9,5.78,5.72,0,0,0,0,0,0,1,0,3,0,0,D,Verona,17,5.47,5.35,0,0,0,0,0,0,0,0,2,1,0,D,Udinese,0,0,0,0,0,0,0,0,0,0,0,0,0,0
570,P,KARNEZIS,Udinese,38,6.13,4.63,0,60,1,0,0,0,0,0,0,0,0,P,Udinese,33,6.12,4.71,0,45,0,0,0,0,0,0,3,0,0,P,Udinese,0,0,0,0,0,0,0,0,0,0,0,0,0,0,P,Napoli,9,6.11,5.33,0,7,0,0,0,0,0,0,0,0,0
605,A,PERICA,Udinese,10,5.85,6.4,2,0,0,0,0,0,0,0,1,0,0,A,Udinese,26,5.94,6.62,6,0,0,0,0,0,1,0,4,0,0,A,Udinese,20,5.58,5.58,1,0,0,0,0,0,0,0,6,0,0,A,Frosinone,7,5.07,4.86,0,0,0,0,0,0,0,0,3,0,0
574,P,SCUFFET,Udinese,0,0,0,0,0,0,0,0,0,0,0,0,0,0,P,Udinese,6,6.25,4.42,0,11,0,0,0,0,0,0,0,0,0,P,Udinese,6,5.67,4.33,0,11,1,0,0,0,0,0,0,0,0,P,Udinese,9,6.11,4.67,0,13,0,0,0,0,0,0,0,0,0
606,A,THEREAU,Udinese,35,6.07,7.04,11,0,0,0,0,0,3,0,2,1,0,A,Udinese,33,5.88,6.86,11,0,0,2,1,1,1,0,3,0,0,A,Fiorentina,20,6,7.15,3,0,0,4,4,0,3,0,2,0,0,A,Cagliari,4,5.75,5.75,0,0,0,0,0,0,0,0,1,0,0
600,C,VERRE,Udinese,0,0,0,0,0,0,0,0,0,0,0,0,0,0,C,Pescara,28,5.77,5.73,0,0,0,0,0,0,1,0,2,1,0,C,Sampdoria,7,5.57,5.43,0,0,0,0,0,0,0,0,2,0,0,C,Sampdoria,0,0,0,0,0,0,0,0,0,0,0,0,0,0
587,D,WAGUE,Udinese,21,5.6,5.43,0,0,0,0,0,0,0,0,5,1,0,D,Udinese,6,5.42,5.25,0,0,0,0,0,0,0,0,2,0,0,D,Udinese,1,5,5,0,0,0,0,0,0,0,0,0,0,0,D,Udinese,1,5,5,0,0,0,0,0,0,0,0,0,0,0
608,A,ZAPATA D,Udinese,24,6.06,7.04,8,0,0,0,0,0,2,0,6,0,0,A,Udinese,38,5.88,6.68,9,0,0,1,1,0,2,0,3,0,0,A,Sampdoria,30,6.22,7.4,11,0,0,0,0,0,3,0,1,0,0,A,Atalanta,37,6.45,8.35,22,0,0,2,1,1,7,0,5,0,0
610,P,GOLLINI,Verona,26,6.21,4.48,0,44,0,0,0,0,0,0,2,0,0,P,Atalanta,4,6.12,5.75,0,1,0,0,0,0,0,0,1,0,0,P,Atalanta,7,6.07,5.5,0,4,0,0,0,0,0,0,0,0,0,P,Atalanta,20,6.22,5.15,0,21,0,0,0,0,0,0,1,0,0
615,D,HELANDER,Verona,24,5.69,5.85,2,0,0,0,0,0,0,0,4,0,0,D,Bologna,10,5.65,5.8,1,0,0,0,0,0,0,0,3,0,0,D,Bologna,28,5.86,5.75,0,0,0,0,0,0,0,0,6,0,0,D,Bologna,19,5.74,5.58,0,0,0,0,0,0,0,0,6,0,0
627,C,IONITA,Verona,29,5.9,6.34,4,0,0,0,0,0,2,0,2,0,0,C,Cagliari,17,6.03,6.47,3,0,0,0,0,0,1,0,5,0,0,C,Cagliari,35,5.76,5.73,0,0,0,0,0,0,1,0,4,0,0,C,Cagliari,37,5.76,5.97,3,0,0,0,0,0,2,0,4,1,0
611,P,RAFAEL,Verona,12,5.67,4.08,0,18,0,0,0,0,0,0,0,1,0,P,Cagliari,21,6.29,5.19,0,32,3,0,0,0,0,0,0,0,0,P,Cagliari,10,6.1,4.95,0,11,0,0,0,0,0,0,1,0,0,P,Cagliari,0,0,0,0,0,0,0,0,0,0,0,0,0,0
790,D,SAMIR,Verona,3,5.83,6.67,1,0,0,0,0,0,0,0,1,0,0,D,Udinese,21,6.05,6.07,0,0,0,0,0,0,2,0,3,0,0,D,Udinese,31,5.56,5.48,2,0,0,0,0,0,0,0,7,1,2,D,Udinese,21,5.88,6.05,2,0,0,0,0,0,1,0,7,0,0
631,C,VIVIANI,Verona,19,6.16,6.79,3,0,0,0,0,0,0,6,4,1,0,C,Bologna,15,6.03,6.4,2,0,0,0,0,0,2,0,3,1,0,C,SPAL,29,6.07,6.19,3,0,0,1,0,1,1,1,9,0,0,C,Frosinone,5,5.4,5.3,0,0,0,0,0,0,0,0,1,0,0